Unnamed: 0,Title,Year,Rated,Released,Runtime,Awards,Metascore,IMDBRating,imdbVotes,imdbID
0,Pinocchio,1940,G,23 Feb 1940,88,Won 2 Oscars. 7 wins total,99,7.4,"140,877",tt0032910
1,Blackbeard's Ghost,1968,Approved,08 Feb 1968,106,,71,6.8,"5,906",tt0062737
2,Snow White and the Seven Dwarfs,1937,Approved,04 Feb 1938,83,Won 1 Oscar. 11 wins & 6 nominations total,95,7.6,"194,079",tt0029583
3,Fantasia,1940,G,19 Sep 1941,125,Won 2 Oscars. 8 wins & 1 nomination total,96,7.7,"94,045",tt0032455
4,Song of the South,1946,G,20 Nov 1946,94,Won 2 Oscars. 2 wins & 1 nomination total,54,7.1,"13,653",tt0038969
5,Cinderella,1950,G,04 Mar 1950,74,Nominated for 3 Oscars. 6 wins & 7 nominations total,85,7.3,"155,521",tt0042332
6,"20,000 Leagues Under the Sea",1954,G,20 Jul 1955,127,Won 2 Oscars. 5 wins & 3 nominations total,83,7.2,"33,019",tt0046672
7,Lady and the Tramp,1955,G,22 Jun 1955,76,Nominated for 1 BAFTA Film Award1 win & 2 nominations total,78,7.3,"131,997",tt0048280
8,Sleeping Beauty,1959,G,29 Jan 1959,75,Nominated for 1 Oscar. 4 wins & 6 nominations total,85,7.3,"145,172",tt0053285
9,The Absent Minded Professor,1961,Approved,16 Mar 1961,92,Nominated for 3 Oscars. 1 win & 8 nominations total,75,6.8,"8,176",tt0054594
10,Babes in Toyland,1961,Approved,14 Dec 1961,106,Nominated for 2 Oscars. 1 win & 6 nominations total,55,6.2,"4,118",tt0054649
11,Bon Voyage!,1962,Not Rated,17 May 1962,130,Nominated for 2 Oscars. 2 nominations total,-1,5.7,666,tt0055807
12,The Sword in the Stone,1963,G,21 Jun 1964,79,Nominated for 1 Oscar. 1 win & 1 nomination total,61,7.2,"95,566",tt0057546
13,The Jungle Book,1967,G,18 Oct 1967,78,Nominated for 1 Oscar. 6 wins & 3 nominations total,65,7.6,"176,850",tt0061852
14,The Aristocats,1970,G,24 Dec 1970,78,3 wins,66,7.1,"101,059",tt0065421
15,The Boatniks,1970,G,01 Jul 1970,99,,-1,5.5,770,tt0065482
16,Bedknobs and Broomsticks,1971,G,13 Dec 1971,117,Won 1 Oscar. 2 wins & 5 nominations total,59,7.1,"36,809",tt0066817
17,The Apple Dumpling Gang,1975,G,01 Jul 1975,100,,59,6.4,"5,711",tt0072653
18,The Many Adventures of Winnie the Pooh,1977,G,11 Mar 1977,74,1 nomination,-1,7.5,"35,522",tt0076363
19,The Rescuers,1977,G,22 Jun 1977,78,Nominated for 1 Oscar. 2 wins & 1 nomination total,74,6.9,"62,523",tt0076618
20,Herbie Goes to Monte Carlo,1977,G,24 Jun 1977,105,,38,5.7,"7,357",tt0076137
21,The Black Hole,1979,PG,21 Dec 1979,98,Nominated for 2 Oscars. 8 nominations total,52,6.0,"25,130",tt0078869
22,Midnight Madness,1980,PG,08 Feb 1980,112,,28,6.4,"3,490",tt0081159
23,The Last Flight of Noah's Ark,1980,G,25 Jun 1980,97,4 nominations,-1,5.8,"1,382",tt0081031
24,The Devil and Max Devlin,1981,PG,06 Mar 1981,96,,-1,5.1,"1,289",tt0082263
25,Amy,1981,G,20 Mar 1981,100,2 nominations,-1,6.6,458,tt0082017
26,The Fox and the Hound,1981,G,10 Jul 1981,83,1 win & 2 nominations,65,7.3,"90,916",tt0082406
27,Condorman,1981,PG,07 Aug 1981,90,,46,5.7,"4,862",tt0082199
28,Night Crossing,1982,PG,05 Feb 1982,107,2 nominations,-1,6.5,"1,415",tt0082810
29,TRON,1982,PG,09 Jul 1982,96,Nominated for 2 Oscars. 2 wins & 8 nominations total,58,6.8,"118,943",tt0084827
30,Tex,1982,PG,30 Jul 1982,103,3 nominations,78,6.5,"2,204",tt0084783
31,Trenchcoat,1983,PG,11 Mar 1983,91,,-1,5.3,502,tt0086476
32,Something Wicked This Way Comes,1983,PG,29 Apr 1983,95,2 wins & 7 nominations,-1,6.8,"9,159",tt0086336
33,Never Cry Wolf,1983,PG,27 Jan 1984,105,Nominated for 1 Oscar. 4 wins & 3 nominations total,-1,7.5,"8,099",tt0086005
34,Running Brave,1983,PG,04 Nov 1983,106,1 nomination,-1,6.7,721,tt0086220
35,Splash,1984,PG,09 Mar 1984,111,Nominated for 1 Oscar. 2 wins & 9 nominations total,71,6.3,"75,582",tt0088161
36,Country,1984,PG,29 Sep 1984,105,Nominated for 1 Oscar. 1 win & 3 nominations total,-1,6.7,"2,027",tt0087091
37,Baby: Secret of the Lost Legend,1985,PG,22 Mar 1985,95,1 nomination,-1,5.1,"3,292",tt0088760
38,Return to Oz,1985,PG,21 Jun 1985,113,Nominated for 1 Oscar. 6 nominations total,42,6.8,"26,772",tt0089908
39,The Black Cauldron,1985,PG,24 Jul 1985,80,,59,6.4,"35,248",tt0088814
40,My Science Project,1985,PG,09 Aug 1985,94,,38,6.1,"5,777",tt0089652
41,The Journey of Natty Gann,1985,PG,27 Sep 1985,101,Nominated for 1 Oscar. 1 win & 3 nominations total,66,7.0,"6,028",tt0089385
42,One Magic Christmas,1985,G,22 Nov 1985,89,2 wins & 7 nominations,-1,6.5,"3,786",tt0089731
43,Down and Out in Beverly Hills,1986,R,31 Jan 1986,103,1 win & 5 nominations,82,6.2,"18,389",tt0090966
44,Off Beat,1986,PG,11 Apr 1986,92,,-1,5.0,947,tt0091668
45,Ruthless People,1986,R,27 Jun 1986,93,1 win & 3 nominations,78,6.9,"27,906",tt0091877
46,The Great Mouse Detective,1986,G,02 Jul 1986,74,1 win & 3 nominations,73,7.2,"48,473",tt0091149
47,Flight of the Navigator,1986,PG,01 Aug 1986,90,4 nominations,64,6.9,"47,370",tt0091059
48,Tough Guys,1986,PG,03 Oct 1986,104,1 nomination,54,6.2,"7,144",tt0092105
49,The Color of Money,1986,R,17 Oct 1986,119,Won 1 Oscar. 3 wins & 10 nominations total,77,7.0,"81,054",tt0090863
50,Outrageous Fortune,1987,R,30 Jan 1987,99,2 wins & 1 nomination,55,6.2,"8,025",tt0093690
51,Tin Men,1987,R,13 Mar 1987,112,,75,6.6,"8,500",tt0094155
52,Ernest Goes to Camp,1987,PG,22 May 1987,92,1 nomination,24,5.5,"11,450",tt0092974
53,Benji the Hunted,1987,G,19 Jun 1987,88,1 win & 1 nomination,53,6.3,"3,049",tt0092638
54,Adventures in Babysitting,1987,PG-13,03 Jul 1987,102,2 wins & 4 nominations,45,6.9,"42,846",tt0092513
55,Stakeout,1987,R,05 Aug 1987,117,2 wins,69,6.7,"25,673",tt0094025
56,Can't Buy Me Love,1987,PG-13,14 Aug 1987,94,1 win & 3 nominations,36,6.8,"36,209",tt0092718
57,Hello Again,1987,PG,06 Nov 1987,96,1 nomination,-1,5.3,"3,450",tt0093175
58,"Good Morning, Vietnam",1987,R,15 Jan 1988,121,Nominated for 1 Oscar. 7 wins & 4 nominations total,67,7.3,"136,423",tt0093105
59,Shoot to Kill,1988,R,12 Feb 1988,110,2 nominations,56,6.8,"13,198",tt0096098
60,D.O.A.,1988,R,18 Mar 1988,96,,-1,6.2,"10,175",tt0094933
61,Return to Snowy River,1988,PG,15 Apr 1988,99,2 nominations,-1,6.6,"2,513",tt0095993
62,Big Business,1988,PG,10 Jun 1988,97,1 win & 1 nomination,53,6.5,"13,753",tt0094739
63,Who Framed Roger Rabbit,1988,PG,22 Jun 1988,104,Won 4 Oscars. 24 wins & 21 nominations total,83,7.7,"194,997",tt0096438
64,Cocktail,1988,R,29 Jul 1988,104,5 wins & 6 nominations,12,5.9,"83,740",tt0094889
65,The Rescue,1988,PG,05 Aug 1988,97,1 nomination,-1,5.5,"1,240",tt0095981
66,Heartbreak Hotel,1988,PG-13,30 Sep 1988,97,2 nominations,-1,5.7,"1,380",tt0095288
67,The Good Mother,1988,R,04 Nov 1988,103,,-1,5.7,"1,681",tt0095238
68,Ernest Saves Christmas,1988,PG,11 Nov 1988,95,,44,5.7,"11,383",tt0095107
69,Oliver & Company,1988,G,18 Nov 1988,74,1 win & 2 nominations,58,6.7,"47,509",tt0095776
70,Beaches,1988,PG-13,13 Jan 1989,123,Nominated for 1 Oscar. 1 win & 6 nominations total,46,7.0,"25,694",tt0094715
71,Three Fugitives,1989,PG-13,27 Jan 1989,96,1 nomination,40,6.2,"11,617",tt0098471
72,New York Stories,1989,PG,10 Mar 1989,124,1 win,-1,6.4,"18,126",tt0097965
73,Disorganized Crime,1989,R,14 Apr 1989,98,,-1,6.3,"2,314",tt0097211
74,Dead Poets Society,1989,PG,09 Jun 1989,128,Won 1 Oscar. 20 wins & 19 nominations total,79,8.1,"464,275",tt0097165
75,"Honey, I Shrunk the Kids",1989,PG,23 Jun 1989,93,Won 1 BAFTA Film Award2 wins & 10 nominations total,63,6.4,"151,509",tt0097523
76,Turner & Hooch,1989,PG,28 Jul 1989,97,1 win & 1 nomination,36,6.2,"69,774",tt0098536
77,Cheetah,1989,G,18 Aug 1989,83,1 nomination,-1,5.9,"1,039",tt0097053
78,An Innocent Man,1989,R,06 Oct 1989,113,,39,6.5,"6,813",tt0097579
79,Gross Anatomy,1989,PG-13,20 Oct 1989,109,,-1,6.2,"3,841",tt0097458
80,The Little Mermaid,1989,G,17 Nov 1989,83,Won 2 Oscars. 14 wins & 8 nominations total,88,7.6,"252,871",tt0097757
81,Blaze,1989,R,13 Dec 1989,120,Nominated for 1 Oscar. 1 win & 3 nominations total,67,6.0,"3,854",tt0096943
82,Stella,1990,PG-13,02 Feb 1990,109,2 nominations,45,6.2,"2,645",tt0100691
83,Where the Heart Is,1990,R,23 Feb 1990,107,1 win & 1 nomination,-1,6.0,"1,634",tt0100924
84,Pretty Woman,1990,R,23 Mar 1990,119,Nominated for 1 Oscar. 8 wins & 11 nominations total,51,7.1,"312,649",tt0100405
85,Ernest Goes to Jail,1990,PG,06 Apr 1990,81,,40,5.4,"9,416",tt0099512
86,Spaced Invaders,1990,PG,27 Apr 1990,100,,38,5.3,"3,555",tt0100666
87,Fire Birds,1990,PG-13,25 May 1990,85,,31,4.8,"6,380",tt0099575
88,Dick Tracy,1990,PG,15 Jun 1990,105,Won 3 Oscars. 9 wins & 36 nominations total,68,6.1,"60,838",tt0099422
89,Betsy's Wedding,1990,R,22 Jun 1990,94,3 nominations,52,5.6,"3,716",tt0099128
90,Arachnophobia,1990,PG-13,18 Jul 1990,109,2 wins & 5 nominations,67,6.5,"68,662",tt0099052
91,Taking Care of Business,1990,R,17 Aug 1990,108,,42,6.4,"8,607",tt0103035
92,Mr. Destiny,1990,PG-13,12 Oct 1990,110,,34,6.4,"12,303",tt0100201
93,The Rescuers Down Under,1990,G,16 Nov 1990,77,6 wins,70,6.9,"41,845",tt0100477
94,Green Card,1990,PG-13,01 Feb 1991,107,Nominated for 1 Oscar. 3 wins & 4 nominations total,58,6.2,"24,125",tt0099699
95,White Fang,1991,PG,18 Jan 1991,107,1 nomination,62,6.7,"20,733",tt0103247
96,Scenes from a Mall,1991,R,22 Feb 1991,89,,-1,5.4,"4,954",tt0102849
97,The Marrying Man,1991,R,05 Apr 1991,115,1 nomination,-1,5.7,"5,628",tt0102411
98,Oscar,1991,PG,26 Apr 1991,109,3 nominations,47,6.5,"31,668",tt0102603
99,One Good Cop,1991,R,03 May 1991,114,1 nomination,-1,5.8,"4,136",tt0102593
100,What About Bob?,1991,PG,17 May 1991,99,2 wins & 2 nominations,60,7.0,"67,941",tt0103241
101,Wild Hearts Can't Be Broken,1991,G,24 May 1991,88,,-1,7.2,"5,253",tt0103262
102,The Rocketeer,1991,PG,21 Jun 1991,108,1 win & 6 nominations,61,6.5,"56,648",tt0102803
103,The Doctor,1991,PG-13,16 Aug 1991,122,3 nominations,-1,7.0,"5,473",tt0101746
104,Paradise,1991,PG-13,04 Oct 1991,111,1 win & 4 nominations,-1,6.7,"2,899",tt0102631
105,Deceived,1991,PG-13,27 Sep 1991,104,,-1,6.1,"7,247",tt0101694
106,Ernest Scared Stupid,1991,PG,11 Oct 1991,91,,38,5.8,"11,476",tt0101821
107,Billy Bathgate,1991,R,01 Nov 1991,106,3 nominations,-1,5.9,"11,909",tt0101453
108,Beauty and the Beast,1991,G,22 Nov 1991,84,Won 2 Oscars. 31 wins & 32 nominations total,95,8.0,"435,358",tt0101414
109,Father of the Bride,1991,PG,20 Dec 1991,105,1 win & 5 nominations,51,6.5,"74,229",tt0101862
110,The Hand that Rocks the Cradle,1992,R,10 Jan 1992,110,6 wins & 6 nominations,64,6.7,"42,637",tt0104389
111,Medicine Man,1992,PG-13,07 Feb 1992,106,1 nomination,43,6.0,"23,085",tt0104839
112,Blame It on the Bellboy,1992,PG-13,06 Mar 1992,78,,-1,5.5,"2,668",tt0103827
113,Noises Off...,1992,PG-13,20 Mar 1992,101,1 nomination,65,7.5,"11,159",tt0105017
114,Straight Talk,1992,PG,03 Apr 1992,91,,-1,5.7,"3,666",tt0105481
115,Newsies,1992,PG,10 Apr 1992,121,1 win & 6 nominations,46,6.9,"20,437",tt0104990
116,Passed Away,1992,PG-13,24 Apr 1992,96,1 nomination,-1,5.8,"1,341",tt0105103
117,Encino Man,1992,PG,22 May 1992,88,1 win & 1 nomination,25,5.8,"39,656",tt0104187
118,Sister Act,1992,PG,29 May 1992,100,9 wins & 10 nominations,51,6.5,"96,406",tt0105417
119,"Honey, I Blew Up the Kid",1992,PG,17 Jul 1992,89,10 nominations,50,4.8,"43,733",tt0104437
120,A Stranger Among Us,1992,PG-13,17 Jul 1992,110,1 win & 3 nominations,-1,5.6,"3,827",tt0105483
121,3 Ninjas,1992,PG,07 Aug 1992,84,1 nomination,36,5.3,"21,405",tt0103596
122,Captain Ron,1992,PG-13,18 Sep 1992,100,2 nominations,39,5.8,"21,292",tt0103924
123,Sarafina!,1992,PG-13,25 Sep 1992,117,3 nominations,-1,6.4,"1,995",tt0105316
124,Innocent Blood,1992,R,25 Sep 1992,112,6 nominations,44,6.2,"10,073",tt0104511
125,The Mighty Ducks,1992,PG,02 Oct 1992,104,2 nominations,46,6.5,"65,112",tt0104868
126,1492: Conquest of Paradise,1992,PG-13,09 Oct 1992,154,2 nominations,47,6.5,"29,898",tt0103594
127,Consenting Adults,1992,R,16 Oct 1992,99,1 nomination,39,5.7,"7,446",tt0104006
128,Aladdin,1992,G,25 Nov 1992,90,Won 2 Oscars. 32 wins & 22 nominations total,86,8.0,"395,426",tt0103639
129,The Distinguished Gentleman,1992,R,04 Dec 1992,112,4 wins,45,5.9,"15,983",tt0104114
130,The Muppet Christmas Carol,1992,G,11 Dec 1992,85,2 wins & 1 nomination,64,7.7,"57,270",tt0104940
131,Alive,1993,R,15 Jan 1993,120,1 win & 1 nomination,56,7.1,"54,692",tt0106246
132,Aspen Extreme,1993,PG-13,22 Jan 1993,113,,32,6.0,"2,931",tt0106315
133,Homeward Bound: The Incredible Journey,1993,G,12 Feb 1993,84,1 nomination,-1,7.0,"45,727",tt0107131
134,The Cemetery Club,1993,PG-13,12 Feb 1993,106,1 win,-1,5.8,853,tt0106536
135,Swing Kids,1993,PG-13,05 Mar 1993,112,1 win & 1 nomination,39,6.8,"16,225",tt0108265
136,A Far Off Place,1993,PG,12 Mar 1993,108,,-1,6.5,"3,556",tt0106868
137,Born Yesterday,1993,PG,26 Mar 1993,100,1 nomination,-1,5.2,"3,928",tt0106466
138,The Adventures of Huck Finn,1993,PG,02 Apr 1993,108,,-1,6.2,"8,499",tt0106223
139,Indian Summer,1993,PG-13,23 Apr 1993,97,,51,6.6,"5,546",tt0107212
140,Super Mario Bros.,1993,PG,28 May 1993,104,2 nominations,35,4.1,"53,306",tt0108255
141,Guilty as Sin,1993,R,04 Jun 1993,107,1 win,-1,5.6,"5,286",tt0107057
142,Life with Mikey,1993,PG,04 Jun 1993,91,4 nominations,50,5.6,"5,947",tt0107413
143,What's Love Got to Do with It,1993,R,25 Jun 1993,118,Nominated for 2 Oscars. 3 wins & 15 nominations total,76,7.3,"20,560",tt0108551
144,Son in Law,1993,PG-13,02 Jul 1993,95,1 nomination,33,5.8,"19,903",tt0108186
145,Hocus Pocus,1993,PG,16 Jul 1993,96,2 wins & 11 nominations,43,6.9,"119,433",tt0107120
146,Another Stakeout,1993,PG-13,23 Jul 1993,108,1 nomination,53,5.6,"13,970",tt0106292
147,My Boyfriend's Back,1993,PG-13,06 Aug 1993,85,,-1,5.4,"4,576",tt0107626
148,Father Hood,1993,PG-13,27 Aug 1993,95,,-1,4.9,"3,141",tt0106877
149,The Joy Luck Club,1993,R,29 Oct 1993,139,Nominated for 1 BAFTA Film Award4 wins & 5 nominations total,84,7.7,"16,286",tt0107282
150,Money for Nothing,1993,R,10 Sep 1993,100,,-1,5.7,"3,942",tt0107594
151,The Program,1993,R,24 Sep 1993,112,,51,6.5,"10,435",tt0107889
152,Cool Runnings,1993,PG,01 Oct 1993,98,2 wins & 2 nominations,60,7.0,"101,823",tt0106611
153,The Nightmare Before Christmas,1993,PG,29 Oct 1993,76,Nominated for 1 Oscar. 6 wins & 17 nominations total,82,8.0,"324,226",tt0107688
154,The Three Musketeers,1993,PG,12 Nov 1993,105,2 wins & 3 nominations,43,6.4,"54,146",tt0108333
155,Sister Act 2: Back in the Habit,1993,PG,10 Dec 1993,107,1 win & 3 nominations,38,5.7,"52,916",tt0108147
156,Tombstone,1993,R,25 Dec 1993,130,2 nominations,50,7.8,"141,590",tt0108358
157,The Air Up There,1994,PG,07 Jan 1994,107,,-1,5.5,"8,930",tt0109067
158,Cabin Boy,1994,PG-13,07 Jan 1994,80,2 nominations,21,5.3,"8,597",tt0109361
159,Iron Will,1994,PG,14 Jan 1994,108,,56,6.6,"8,441",tt0110157
160,Blank Check,1994,PG,11 Feb 1994,93,,42,5.3,"20,353",tt0109287
161,Angie,1994,R,04 Mar 1994,107,1 nomination,-1,5.5,"2,193",tt0109129
162,The Ref,1994,R,11 Mar 1994,97,1 win & 1 nomination,-1,6.9,"24,689",tt0110955
163,D2: The Mighty Ducks,1994,PG,25 Mar 1994,106,,-1,6.1,"39,872",tt0109520
164,Holy Matrimony,1994,PG-13,08 Apr 1994,93,,-1,5.1,"1,496",tt0110044
165,White Fang 2: Myth of the White Wolf,1994,PG,15 Apr 1994,106,,-1,5.4,"2,308",tt0111701
166,The Inkwell,1994,R,22 Apr 1994,110,,-1,6.4,"1,434",tt0110137
167,When a Man Loves a Woman,1994,R,13 May 1994,126,4 nominations,-1,6.5,"21,892",tt0111693
168,3 Ninjas Kick Back,1994,PG,06 May 1994,93,3 nominations,39,4.6,"9,141",tt0109015
169,Renaissance Man,1994,PG-13,03 Jun 1994,128,,44,6.2,"17,800",tt0110971
170,The Lion King,1994,G,24 Jun 1994,88,Won 2 Oscars. 39 wins & 35 nominations total,88,8.5,"1,014,686",tt0110357
171,I Love Trouble,1994,PG,29 Jun 1994,123,,-1,5.3,"11,969",tt0110093
172,Angels in the Outfield,1994,PG,15 Jul 1994,102,1 win & 4 nominations,44,6.2,"31,482",tt0109127
173,In the Army Now,1994,PG,12 Aug 1994,91,,-1,5.0,"13,460",tt0110123
174,Color of Night,1994,R,19 Aug 1994,121,2 wins & 11 nominations,36,5.2,"23,822",tt0109456
175,Camp Nowhere,1994,PG,26 Aug 1994,96,,-1,6.0,"9,615",tt0109369
176,It's Pat: The Movie,1994,PG-13,25 Nov 1994,77,1 win & 7 nominations,-1,2.7,"9,848",tt0110169
177,A Simple Twist of Fate,1994,PG-13,02 Sep 1994,106,2 nominations,-1,6.3,"5,540",tt0111194
178,Quiz Show,1994,PG-13,07 Oct 1994,133,Nominated for 4 Oscars. 6 wins & 36 nominations total,92,7.5,"68,270",tt0110932
179,Terminal Velocity,1994,PG-13,23 Sep 1994,102,,-1,5.5,"13,667",tt0111400
180,Ed Wood,1994,R,07 Oct 1994,127,Won 2 Oscars. 27 wins & 34 nominations total,70,7.9,"173,323",tt0109707
181,The Puppet Masters,1994,R,21 Oct 1994,109,2 nominations,-1,5.9,"8,966",tt0111003
182,Squanto: A Warrior's Tale,1994,PG,28 Oct 1994,102,,-1,6.1,"1,248",tt0111271
183,The Santa Clause,1994,PG,11 Nov 1994,97,2 wins & 8 nominations,57,6.5,"113,266",tt0111070
184,A Low Down Dirty Shame,1994,R,23 Nov 1994,108,1 nomination,-1,5.9,"7,204",tt0110399
185,Houseguest,1995,PG,06 Jan 1995,113,,-1,6.0,"6,921",tt0110066
186,Bad Company,1995,R,20 Jan 1995,108,,-1,5.4,"3,044",tt0112443
187,Miami Rhapsody,1995,PG-13,27 Jan 1995,95,1 nomination,-1,5.4,"3,337",tt0113808
188,The Jerky Boys,1995,R,03 Feb 1995,82,,-1,4.7,"2,607",tt0110189
189,Man of the House,1995,PG,03 Mar 1995,96,2 nominations,-1,5.3,"9,537",tt0113755
190,Roommates,1995,PG,03 Mar 1995,108,Nominated for 1 Oscar. 2 nominations total,-1,6.4,"1,854",tt0114296
191,Tall Tale,1995,PG,24 Mar 1995,96,,-1,5.9,"3,783",tt0111359
192,A Pyromaniac's Love Story,1995,PG,28 Apr 1995,94,,-1,5.4,"1,063",tt0114210
193,Jefferson in Paris,1995,PG-13,31 Mar 1995,139,2 nominations,45,5.7,"3,024",tt0113463
194,Funny Bones,1995,R,31 Mar 1995,128,8 wins,-1,6.8,"3,713",tt0113133
195,A Goofy Movie,1995,G,07 Apr 1995,78,5 nominations,-1,6.9,"52,129",tt0113198
196,While You Were Sleeping,1995,PG,21 Apr 1995,103,4 wins & 5 nominations,67,6.7,"99,998",tt0114924
197,Crimson Tide,1995,R,12 May 1995,116,Nominated for 3 Oscars. 5 wins & 9 nominations total,66,7.3,"109,989",tt0112740
198,Mad Love,1995,PG-13,26 May 1995,93,,-1,5.4,"6,543",tt0113729
199,Pocahontas,1995,G,23 Jun 1995,81,Won 2 Oscars. 15 wins & 7 nominations total,58,6.7,"181,496",tt0114148
200,Judge Dredd,1995,R,30 Jun 1995,96,2 wins & 5 nominations,-1,5.5,"116,503",tt0113492
201,Operation Dumbo Drop,1995,PG,28 Jul 1995,107,,48,5.1,"8,937",tt0114048
202,Dangerous Minds,1995,R,11 Aug 1995,99,6 wins & 8 nominations,47,6.5,"51,952",tt0112792
203,A Kid in King Arthur's Court,1995,PG,11 Aug 1995,89,1 nomination,34,4.8,"6,143",tt0113538
204,The Tie That Binds,1995,R,08 Sep 1995,99,1 nomination,-1,5.0,"1,181",tt0114666
205,Unstrung Heroes,1995,PG,22 Sep 1995,93,Nominated for 1 Oscar. 3 nominations total,70,6.7,"3,129",tt0114798
206,The Big Green,1995,PG,29 Sep 1995,100,,-1,5.5,"10,044",tt0112499
207,Dead Presidents,1995,R,06 Oct 1995,119,2 nominations,-1,6.9,"21,805",tt0112819
208,The Scarlet Letter,1995,R,13 Oct 1995,135,1 win & 10 nominations,-1,5.3,"15,236",tt0114345
209,Feast of July,1995,R,13 Oct 1995,116,,-1,6.2,563,tt0113044
210,Powder,1995,PG-13,27 Oct 1995,111,2 nominations,-1,6.6,"29,975",tt0114168
211,Toy Story,1995,G,22 Nov 1995,81,Won 1 Oscar. 27 wins & 23 nominations total,95,8.3,"956,380",tt0114709
212,Father of the Bride Part II,1995,PG,08 Dec 1995,106,1 win & 2 nominations,49,6.0,"37,331",tt0113041
213,Nixon,1995,R,05 Jan 1996,192,Nominated for 4 Oscars. 11 wins & 18 nominations total,66,7.1,"30,558",tt0113987
214,Tom and Huck,1995,PG,22 Dec 1995,97,1 win & 5 nominations,-1,5.5,"10,697",tt0112302
215,Mr. Holland's Opus,1995,PG,19 Jan 1996,143,Nominated for 1 Oscar. 5 wins & 5 nominations total,59,7.3,"38,426",tt0113862
216,White Squall,1996,PG-13,02 Feb 1996,129,1 nomination,53,6.6,"23,698",tt0118158
217,Muppet Treasure Island,1996,G,16 Feb 1996,99,5 nominations,64,6.9,"23,768",tt0117110
218,Mr. Wrong,1996,PG-13,16 Feb 1996,96,1 win & 2 nominations,-1,3.8,"5,078",tt0117102
219,Before and After,1996,PG-13,23 Feb 1996,108,,-1,6.1,"8,936",tt0115645
220,Up Close & Personal,1996,PG-13,01 Mar 1996,124,Nominated for 1 Oscar. 3 wins & 3 nominations total,-1,6.2,"14,349",tt0118055
221,James and the Giant Peach,1996,PG,12 Apr 1996,79,Nominated for 1 Oscar. 4 wins & 13 nominations total,78,6.7,"65,236",tt0116683
222,Celtic Pride,1996,PG-13,19 Apr 1996,91,,-1,5.3,"10,016",tt0115851
223,Last Dance,1996,R,03 May 1996,103,1 nomination,-1,5.7,"4,336",tt0116827
224,Boys,1996,PG-13,10 May 1996,86,,-1,4.9,"3,662",tt0115742
225,Spy Hard,1996,PG-13,24 May 1996,81,,25,5.4,"37,691",tt0117723
226,Eddie,1996,PG-13,31 May 1996,100,1 win & 2 nominations,-1,5.2,"10,953",tt0116168
227,The Rock,1996,R,07 Jun 1996,136,Nominated for 1 Oscar. 9 wins & 9 nominations total,58,7.4,"330,313",tt0117500
228,The Hunchback of Notre Dame,1996,G,21 Jun 1996,91,Nominated for 1 Oscar. 8 wins & 26 nominations total,74,7.0,"152,797",tt0116583
229,Phenomenon,1996,PG,03 Jul 1996,123,7 wins & 8 nominations,41,6.4,"78,699",tt0117333
230,Kazaam,1996,PG,17 Jul 1996,93,2 nominations,24,3.0,"24,212",tt0116756
231,Jack,1996,PG-13,09 Aug 1996,113,6 nominations,31,5.8,"59,990",tt0116669
232,First Kid,1996,PG,30 Aug 1996,101,1 nomination,48,5.2,"10,869",tt0116311
233,The Rich Man's Wife,1996,R,13 Sep 1996,95,,-1,5.2,"3,257",tt0117473
234,D3: The Mighty Ducks,1996,PG,04 Oct 1996,104,2 nominations,-1,5.4,"26,748",tt0116000
235,The Associate,1996,PG-13,25 Oct 1996,114,,-1,6.1,"8,118",tt0115580
236,Ransom,1996,R,08 Nov 1996,121,3 wins & 5 nominations,60,6.7,"125,621",tt0117438
237,The War at Home,1996,R,20 Nov 1996,123,3 nominations,-1,7.0,"2,450",tt0118117
238,101 Dalmatians,1996,G,27 Nov 1996,103,Nominated for 1 BAFTA Film Award3 wins & 10 nominations total,49,5.7,"109,485",tt0115433
239,The Preacher's Wife,1996,PG,13 Dec 1996,123,Nominated for 1 Oscar. 4 wins & 7 nominations total,-1,5.6,"12,193",tt0117372
240,Evita,1996,PG,10 Jan 1997,135,Won 1 Oscar. 19 wins & 43 nominations total,45,6.3,"35,395",tt0116250
241,Metro,1997,R,17 Jan 1997,117,1 nomination,41,5.5,"27,341",tt0119664
242,Prefontaine,1997,PG-13,24 Jan 1997,106,,56,6.8,"7,237",tt0119937
243,Shadow Conspiracy,1997,R,31 Jan 1997,103,,-1,4.9,"4,826",tt0120107
244,That Darn Cat,1997,PG,14 Feb 1997,89,2 nominations,36,4.7,"4,399",tt0120317
245,Jungle 2 Jungle,1997,PG,07 Mar 1997,105,3 nominations,42,5.1,"24,108",tt0119432
246,The Sixth Man,1997,PG-13,28 Mar 1997,107,,-1,5.7,"5,802",tt0120142
247,Grosse Pointe Blank,1997,R,11 Apr 1997,107,2 wins & 8 nominations,76,7.3,"93,149",tt0119229
248,Romy and Michele's High School Reunion,1997,R,25 Apr 1997,92,4 nominations,59,6.3,"46,106",tt0120032
249,Gone Fishin',1997,PG,30 May 1997,94,1 nomination,-1,4.8,"9,971",tt0119214
250,Con Air,1997,R,06 Jun 1997,115,Nominated for 2 Oscars. 7 wins & 11 nominations total,52,6.9,"291,106",tt0118880
251,Hercules,1997,G,27 Jun 1997,93,Nominated for 1 Oscar. 9 wins & 16 nominations total,74,7.3,"221,888",tt0119282
252,George of the Jungle,1997,PG,16 Jul 1997,92,1 win & 3 nominations,53,5.5,"76,087",tt0119190
253,Nothing to Lose,1997,R,18 Jul 1997,98,1 win,-1,6.7,"46,098",tt0119807
254,Air Bud,1997,PG,01 Aug 1997,98,4 wins & 3 nominations,-1,5.3,"17,633",tt0118570
255,G.I. Jane,1997,R,22 Aug 1997,125,2 wins & 3 nominations,62,6.0,"79,447",tt0119173
256,A Thousand Acres,1997,R,19 Sep 1997,105,2 wins & 1 nomination,-1,6.1,"5,485",tt0120323
257,Washington Square,1997,PG,10 Oct 1997,115,1 nomination,-1,6.7,"3,414",tt0120481
258,Playing God,1997,R,17 Oct 1997,94,,-1,5.6,"7,619",tt0119906
259,Flubber,1997,PG,26 Nov 1997,93,3 wins & 2 nominations,37,5.3,"88,306",tt0119137
260,An American Werewolf in Paris,1997,R,25 Dec 1997,98,3 wins & 1 nomination,31,5.1,"24,712",tt0118604
261,Mr. Magoo,1997,PG,25 Dec 1997,87,2 nominations,18,4.0,"15,174",tt0119718
262,Kundun,1997,PG-13,16 Jan 1998,134,Nominated for 4 Oscars. 7 wins & 13 nominations total,74,7.0,"27,787",tt0119485
263,Deep Rising,1998,R,30 Jan 1998,106,2 nominations,-1,6.1,"36,359",tt0118956
264,Krippendorf's Tribe,1998,PG-13,27 Feb 1998,94,1 nomination,-1,5.0,"5,526",tt0120725
265,Meet the Deedles,1998,PG,27 Mar 1998,93,1 win & 2 nominations,-1,4.1,"2,923",tt0120645
266,He Got Game,1998,R,01 May 1998,136,10 nominations,64,6.9,"47,287",tt0124718
267,The Horse Whisperer,1998,PG-13,15 May 1998,169,Nominated for 1 Oscar. 4 wins & 19 nominations total,65,6.7,"40,853",tt0119314
268,Six Days Seven Nights,1998,PG-13,12 Jun 1998,102,2 wins & 5 nominations,51,5.8,"76,274",tt0120828
269,Mulan,1998,G,19 Jun 1998,88,Nominated for 1 Oscar. 17 wins & 21 nominations total,71,7.7,"276,291",tt0120762
270,Armageddon,1998,PG-13,01 Jul 1998,151,Nominated for 4 Oscars. 15 wins & 40 nominations total,42,6.7,"416,798",tt0120591
271,The Parent Trap,1998,PG,29 Jul 1998,128,2 wins & 7 nominations,64,6.6,"132,485",tt0120783
272,Simon Birch,1998,PG,11 Sep 1998,114,3 wins & 3 nominations,39,6.9,"21,226",tt0124879
273,Holy Man,1998,PG,09 Oct 1998,114,1 nomination,41,4.9,"19,964",tt0120701
274,Beloved,1998,R,16 Oct 1998,172,Nominated for 1 Oscar. 3 wins & 24 nominations total,57,6.0,"8,945",tt0120603
275,The Waterboy,1998,PG-13,06 Nov 1998,90,6 wins & 6 nominations,41,6.2,"159,201",tt0120484
276,I'll Be Home for Christmas,1998,PG,13 Nov 1998,86,,-1,5.5,"10,550",tt0155753
277,A Bug's Life,1998,G,25 Nov 1998,95,Nominated for 1 Oscar. 14 wins & 21 nominations total,77,7.2,"283,592",tt0120623
278,Enemy of the State,1998,R,20 Nov 1998,132,5 wins & 16 nominations,67,7.3,"238,957",tt0120660
279,Rushmore,1998,R,19 Feb 1999,93,16 wins & 16 nominations,86,7.7,"181,700",tt0128445
280,A Civil Action,1998,PG-13,08 Jan 1999,115,Nominated for 2 Oscars. 5 wins & 10 nominations total,68,6.6,"28,628",tt0120633
281,Mighty Joe Young,1998,PG,25 Dec 1998,114,Nominated for 1 Oscar. 1 win & 4 nominations total,51,5.7,"28,904",tt0120751
282,My Favorite Martian,1999,PG,12 Feb 1999,94,3 nominations,33,5.1,"13,497",tt0120764
283,The Other Sister,1999,PG-13,26 Feb 1999,129,2 nominations,28,6.4,"12,381",tt0123209
284,Doug's 1st Movie,1999,G,26 Mar 1999,77,1 nomination,-1,5.0,"3,221",tt0187819
285,Instinct,1999,R,04 Jun 1999,126,1 win & 2 nominations,43,6.6,"32,983",tt0128278
286,Tarzan,1999,G,18 Jun 1999,88,Won 1 Oscar. 11 wins & 23 nominations total,79,7.3,"218,253",tt0120855
287,Summer of Sam,1999,R,02 Jul 1999,142,6 nominations,67,6.7,"38,209",tt0162677
288,Inspector Gadget,1999,PG,23 Jul 1999,78,1 win & 13 nominations,36,4.2,"47,711",tt0141369
289,The Sixth Sense,1999,PG-13,06 Aug 1999,107,Nominated for 6 Oscars. 37 wins & 56 nominations total,64,8.1,"960,142",tt0167404
290,The 13th Warrior,1999,R,27 Aug 1999,102,2 wins & 2 nominations,42,6.6,"122,450",tt0120657
291,Breakfast of Champions,1999,R,18 Feb 1999,110,1 nomination,42,4.6,"7,930",tt0120618
292,Mumford,1999,R,24 Sep 1999,112,1 win & 1 nomination,62,6.8,"9,176",tt0140397
293,"Mystery, Alaska",1999,R,01 Oct 1999,119,1 nomination,49,6.7,"26,807",tt0134618
294,The Straight Story,1999,G,03 Nov 1999,112,Nominated for 1 Oscar. 18 wins & 40 nominations total,86,8.0,"88,780",tt0166896
295,The Insider,1999,R,05 Nov 1999,157,Nominated for 7 Oscars. 23 wins & 58 nominations total,84,7.8,"168,516",tt0140352
296,Toy Story 2,1999,G,24 Nov 1999,92,Nominated for 1 Oscar. 21 wins & 27 nominations total,88,7.9,"560,453",tt0120363
297,Cradle Will Rock,1999,R,21 Jan 2000,132,5 wins & 7 nominations,64,6.8,"9,207",tt0150216
298,Deuce Bigalow: Male Gigolo,1999,R,10 Dec 1999,88,2 nominations,30,5.7,"74,314",tt0205000
299,Bicentennial Man,1999,PG,17 Dec 1999,132,Nominated for 1 Oscar. 2 wins & 8 nominations total,42,6.9,"115,697",tt0182789
300,Play It to the Bone,1999,R,21 Jan 2000,124,,32,5.5,"11,921",tt0196857
301,Gun Shy,2000,R,09 Mar 2000,101,,42,5.6,"7,412",tt0171356
302,The Tigger Movie,2000,G,11 Feb 2000,77,4 nominations,53,6.3,"18,655",tt0220099
303,Mission to Mars,2000,PG,10 Mar 2000,114,2 nominations,34,5.7,"72,756",tt0183523
304,High Fidelity,2000,R,31 Mar 2000,113,Nominated for 1 BAFTA Film Award3 wins & 22 nominations total,79,7.5,"177,106",tt0146882
305,Keeping the Faith,2000,PG-13,14 Apr 2000,128,2 wins & 6 nominations,60,6.4,"51,561",tt0171433
306,Dinosaur,2000,PG,19 May 2000,82,4 wins & 21 nominations,56,6.5,"58,689",tt0130623
307,Shanghai Noon,2000,PG-13,26 May 2000,110,1 win & 7 nominations,77,6.6,"125,162",tt0184894
308,Gone in 60 Seconds,2000,PG-13,09 Jun 2000,118,9 wins & 6 nominations,35,6.5,"273,455",tt0187078
309,The Kid,2000,PG,07 Jul 2000,104,1 win & 3 nominations,45,6.1,"41,797",tt0219854
310,Coyote Ugly,2000,PG-13,04 Aug 2000,100,4 wins & 8 nominations,27,5.7,"112,461",tt0200550
311,The Crew,2000,PG-13,25 Aug 2000,88,1 win,37,5.6,"5,944",tt0198386
312,Duets,2000,R,15 Sep 2000,112,1 nomination,40,6.1,"9,550",tt0134630
313,Remember the Titans,2000,PG,29 Sep 2000,113,8 wins & 18 nominations,48,7.8,"209,458",tt0210945
314,Unbreakable,2000,PG-13,22 Nov 2000,106,2 wins & 15 nominations,62,7.3,"408,168",tt0217869
315,102 Dalmatians,2000,G,22 Nov 2000,100,Nominated for 1 Oscar. 1 win & 8 nominations total,35,4.9,"37,045",tt0211181
316,The Emperor's New Groove,2000,G,15 Dec 2000,78,Nominated for 1 Oscar. 7 wins & 27 nominations total,70,7.4,"195,606",tt0120917
317,"O Brother, Where Art Thou?",2000,PG-13,02 Feb 2001,107,Nominated for 2 Oscars. 8 wins & 39 nominations total,69,7.7,"304,170",tt0190590
318,Double Take,2001,PG-13,12 Jan 2001,88,,25,5.4,"8,387",tt0238948
319,Recess: School's Out,2001,G,16 Feb 2001,82,,43,6.6,"10,428",tt0265632
320,Just Visiting,2001,PG-13,06 Apr 2001,88,,38,5.8,"19,049",tt0189192
321,Pearl Harbor,2001,PG-13,25 May 2001,183,Won 1 Oscar. 14 wins & 51 nominations total,44,6.2,"325,553",tt0213149
322,Atlantis: The Lost Empire,2001,PG,15 Jun 2001,95,2 wins & 14 nominations,52,6.9,"114,483",tt0230011
323,Crazy/Beautiful,2001,PG-13,29 Jun 2001,99,5 nominations,61,6.5,"24,684",tt0250224
324,The Princess Diaries,2001,G,03 Aug 2001,115,3 wins & 11 nominations,52,6.4,"139,359",tt0247638
325,Bubble Boy,2001,PG-13,24 Aug 2001,84,1 nomination,41,5.7,"32,962",tt0258470
326,Max Keeble's Big Move,2001,PG,05 Oct 2001,86,1 win & 1 nomination,40,5.4,"8,032",tt0273799
327,Corky Romano,2001,PG-13,12 Oct 2001,86,1 nomination,20,4.7,"13,077",tt0250310
328,High Heels and Low Lifes,2001,R,26 Oct 2001,86,1 nomination,39,6.2,"3,542",tt0253126
329,"Monsters, Inc.",2001,G,02 Nov 2001,92,Won 1 Oscar. 15 wins & 38 nominations total,79,8.1,"875,550",tt0198781
330,Out Cold,2001,PG-13,21 Nov 2001,89,,22,6.3,"17,466",tt0253798
331,The Royal Tenenbaums,2001,R,04 Jan 2002,110,Nominated for 1 Oscar. 11 wins & 46 nominations total,76,7.6,"284,638",tt0265666
332,"Frank McKlusky, C.I.",2002,PG-13,27 Jun 2002,83,,-1,4.1,"1,388",tt0281865
333,Snow Dogs,2002,PG,18 Jan 2002,99,1 win,29,5.2,"26,765",tt0281373
334,The Count of Monte Cristo,2002,PG-13,25 Jan 2002,131,,61,7.8,"135,482",tt0245844
335,Reign of Fire,2002,PG-13,12 Jul 2002,101,1 win & 3 nominations,39,6.2,"133,690",tt0253556
336,Sorority Boys,2002,R,22 Mar 2002,93,1 win & 1 nomination,25,5.5,"15,548",tt0279781
337,The Rookie,2002,G,29 Mar 2002,127,5 wins & 4 nominations,72,6.9,"34,359",tt0265662
338,Big Trouble,2002,PG-13,05 Apr 2002,85,,47,6.5,"20,553",tt0246464
339,Lilo & Stitch,2002,PG,21 Jun 2002,85,Nominated for 1 Oscar. 11 wins & 27 nominations total,73,7.3,"182,545",tt0275847
340,The Country Bears,2002,G,26 Jul 2002,88,4 nominations,37,4.2,"5,526",tt0276033
341,Signs,2002,PG-13,02 Aug 2002,106,3 wins & 34 nominations,59,6.7,"354,195",tt0286106
342,Sweet Home Alabama,2002,PG-13,27 Sep 2002,108,3 wins & 6 nominations,45,6.2,"110,647",tt0256415
343,Moonlight Mile,2002,PG-13,04 Oct 2002,117,1 win & 6 nominations,59,6.6,"14,051",tt0179098
344,Tuck Everlasting,2002,PG,11 Oct 2002,90,1 win & 3 nominations,66,6.6,"23,596",tt0283084
345,The Santa Clause 2,2002,G,01 Nov 2002,104,1 win & 3 nominations,48,5.7,"56,230",tt0304669
346,Treasure Planet,2002,PG,27 Nov 2002,95,Nominated for 1 Oscar. 1 win & 14 nominations total,60,7.2,"113,480",tt0133240
347,The Hot Chick,2002,PG-13,13 Dec 2002,104,4 nominations,29,5.5,"94,115",tt0302640
348,25th Hour,2002,R,10 Jan 2003,135,4 wins & 17 nominations,68,7.6,"176,763",tt0307901
349,The Recruit,2003,PG-13,31 Jan 2003,115,2 nominations,56,6.6,"134,416",tt0292506
350,Shanghai Knights,2003,PG-13,07 Feb 2003,114,4 nominations,58,6.2,"104,747",tt0300471
351,The Jungle Book 2,2003,G,14 Feb 2003,72,1 win & 9 nominations,38,5.4,"16,099",tt0283426
352,Bringing Down the House,2003,PG-13,07 Mar 2003,105,4 wins & 13 nominations,39,5.6,"36,744",tt0305669
353,Piglet's Big Movie,2003,G,21 Mar 2003,75,1 nomination,62,6.2,"7,697",tt0323642
354,Ghosts of the Abyss,2003,G,10 Sep 2003,61,1 nomination,67,6.8,"5,374",tt0297144
355,Holes,2003,PG,18 Apr 2003,117,3 wins & 9 nominations,71,7.0,"85,524",tt0311289
356,The Lizzie McGuire Movie,2003,PG,02 May 2003,94,2 wins & 3 nominations,56,5.5,"39,048",tt0306841
357,Finding Nemo,2003,G,30 May 2003,100,Won 1 Oscar. 48 wins & 63 nominations total,90,8.1,"1,005,985",tt0266543
358,Freaky Friday,2003,PG,06 Aug 2003,97,5 wins & 11 nominations,70,6.2,"134,476",tt0322330
359,Open Range,2003,R,15 Aug 2003,139,1 win & 5 nominations,67,7.4,"71,654",tt0316356
360,Cold Creek Manor,2003,R,19 Sep 2003,118,1 nomination,37,5.0,"22,532",tt0331468
361,Under the Tuscan Sun,2003,PG-13,26 Sep 2003,113,5 nominations,52,6.8,"51,485",tt0328589
362,Veronica Guerin,2003,R,17 Oct 2003,98,3 wins & 14 nominations,55,6.9,"20,196",tt0312549
363,Brother Bear,2003,G,01 Nov 2003,85,Nominated for 1 Oscar. 2 wins & 22 nominations total,48,6.8,"106,674",tt0328880
364,The Haunted Mansion,2003,PG,26 Nov 2003,88,1 win & 4 nominations,34,5.1,"47,881",tt0338094
365,Calendar Girls,2003,PG-13,01 Jan 2004,108,2 wins & 16 nominations,60,6.9,"26,050",tt0337909
366,The Young Black Stallion,2003,G,25 Dec 2003,50,1 nomination,51,5.4,"1,163",tt0318850
367,Miracle,2004,PG,06 Feb 2004,135,2 wins & 4 nominations,68,7.5,"53,228",tt0349825
368,Confessions of a Teenage Drama Queen,2004,PG,20 Feb 2004,89,1 win,33,4.6,"28,929",tt0361467
369,Hidalgo,2004,PG-13,05 Mar 2004,136,1 win & 2 nominations,54,6.7,"80,973",tt0317648
370,The Ladykillers,2004,R,26 Mar 2004,104,6 wins & 4 nominations,56,6.2,"103,474",tt0335245
371,Home on the Range,2004,PG,02 Apr 2004,76,5 nominations,50,5.4,"22,502",tt0299172
372,The Alamo,2004,PG-13,09 Apr 2004,137,1 nomination,47,6.0,"20,830",tt0318974
373,Raising Helen,2004,PG-13,28 May 2004,119,1 nomination,38,6.0,"36,685",tt0350028
374,Around the World in 80 Days,2004,PG,16 Jun 2004,120,2 wins & 2 nominations,49,5.8,"88,965",tt0327437
375,King Arthur,2004,PG-13,07 Jul 2004,126,4 wins & 8 nominations,46,6.3,"165,862",tt0349683
376,The Village,2004,PG-13,30 Jul 2004,108,Nominated for 1 Oscar. 4 wins & 24 nominations total,44,6.5,"255,633",tt0368447
377,The Princess Diaries 2: Royal Engagement,2004,G,11 Aug 2004,113,1 win & 2 nominations,43,5.9,"78,961",tt0368933
378,Mr. 3000,2004,PG-13,17 Sep 2004,104,1 win & 5 nominations,57,5.6,"14,339",tt0339412
379,The Last Shot,2004,R,05 Nov 2004,93,,47,5.7,"4,251",tt0357054
380,Ladder 49,2004,PG-13,01 Oct 2004,115,1 win & 7 nominations,47,6.5,"57,545",tt0349710
381,The Incredibles,2004,PG,05 Nov 2004,115,Won 2 Oscars. 67 wins & 56 nominations total,90,8.0,"696,720",tt0317705
382,National Treasure,2004,PG,19 Nov 2004,131,1 win & 9 nominations,39,6.9,"322,927",tt0368891
383,The Life Aquatic with Steve Zissou,2004,R,25 Dec 2004,119,3 wins & 10 nominations,62,7.3,"193,208",tt0362270
384,Aliens of the Deep,2005,G,25 Aug 2005,100,,71,6.4,"2,996",tt0417415
385,Pooh's Heffalump Movie,2005,G,11 Feb 2005,68,1 nomination,64,6.4,"7,364",tt0407121
386,The Pacifier,2005,PG,04 Mar 2005,95,1 win & 10 nominations,30,5.6,"92,756",tt0395699
387,Ice Princess,2005,G,18 Mar 2005,98,,55,6.0,"26,814",tt0396652
388,A Lot Like Love,2005,PG-13,22 Apr 2005,107,1 win & 3 nominations,48,6.6,"68,921",tt0391304
389,The Hitchhiker's Guide to the Galaxy,2005,PG,29 Apr 2005,109,1 win & 10 nominations,63,6.7,"195,027",tt0371724
390,Herbie Fully Loaded,2005,G,22 Jun 2005,101,2 wins & 6 nominations,47,4.9,"47,299",tt0400497
391,Dark Water,2005,PG-13,08 Jul 2005,105,6 nominations,52,5.6,"61,886",tt0382628
392,Sky High,2005,PG,29 Jul 2005,100,1 nomination,62,6.2,"85,010",tt0405325
393,Valiant,2005,G,19 Aug 2005,76,2 nominations,45,5.5,"22,500",tt0361089
394,Flightplan,2005,PG-13,23 Sep 2005,98,2 wins & 6 nominations,53,6.3,"160,018",tt0408790
395,The Greatest Game Ever Played,2005,PG,30 Sep 2005,120,3 nominations,55,7.4,"30,196",tt0388980
396,Shopgirl,2005,R,04 Nov 2005,106,1 win & 7 nominations,62,6.3,"23,925",tt0338427
397,Chicken Little,2005,G,04 Nov 2005,81,4 wins & 15 nominations,48,5.7,"90,797",tt0371606
398,Casanova,2005,R,06 Jan 2006,112,5 wins & 3 nominations,57,6.5,"53,900",tt0402894
399,Glory Road,2006,PG,13 Jan 2006,118,5 nominations,58,7.2,"45,390",tt0385726
400,Annapolis,2006,PG-13,27 Jan 2006,108,,37,5.8,"21,020",tt0417433
401,Roving Mars,2006,G,27 Jan 2006,40,1 win & 1 nomination,58,7.3,"1,050",tt0436595
402,Eight Below,2006,PG,17 Feb 2006,120,2 wins & 2 nominations,64,7.3,"63,986",tt0397313
403,The Shaggy Dog,2006,PG,10 Mar 2006,98,2 wins & 5 nominations,43,4.4,"19,041",tt0393735
404,Stay Alive,2006,PG-13,24 Mar 2006,85,,24,5.1,"31,981",tt0441796
405,The Wild,2006,G,14 Apr 2006,82,2 nominations,47,5.2,"25,579",tt0405469
406,Stick It,2006,PG-13,28 Apr 2006,103,,53,6.4,"28,682",tt0430634
407,Cars,2006,G,09 Jun 2006,117,Nominated for 2 Oscars. 28 wins & 34 nominations total,73,7.1,"399,436",tt0317219
408,Step Up,2006,PG-13,11 Aug 2006,104,1 win & 3 nominations,48,6.5,"116,748",tt0462590
409,Invincible,2006,PG,25 Aug 2006,105,2 nominations,63,7.0,"69,914",tt0445990
410,The Guardian,2006,PG-13,29 Sep 2006,139,1 win & 4 nominations,53,6.9,"91,460",tt0406816
411,The Prestige,2006,PG-13,20 Oct 2006,130,Nominated for 2 Oscars. 6 wins & 45 nominations total,66,8.5,"1,283,065",tt0482571
412,The Santa Clause 3: The Escape Clause,2006,G,03 Nov 2006,92,4 wins & 9 nominations,32,4.8,"36,944",tt0452681
413,Déjà Vu,2006,,19 Mar 2006,-1,,-1,7.8,5,tt5649074
414,Apocalypto,2006,R,08 Dec 2006,139,Nominated for 3 Oscars. 9 wins & 23 nominations total,68,7.8,"306,157",tt0472043
415,Primeval,2007–2011,TV-14,09 Aug 2008,60,Nominated for 1 BAFTA Film Award5 nominations total,-1,7.3,"14,268",tt0808096
416,Bridge to Terabithia,2007,PG,16 Feb 2007,96,6 wins & 5 nominations,74,7.2,"152,173",tt0398808
417,Wild Hogs,2007,PG-13,02 Mar 2007,100,1 win & 4 nominations,27,5.8,"117,444",tt0486946
418,Meet the Robinsons,2007,G,30 Mar 2007,95,1 win & 10 nominations,61,6.8,"96,371",tt0396555
419,The Lookout,2007,R,30 Mar 2007,99,1 win & 11 nominations,73,7.0,"58,444",tt0427470
420,The Hoax,2007,Not Rated,01 Feb 2007,99,,-1,4.3,13,tt1266072
421,The Invisible,2007,PG-13,27 Apr 2007,102,1 nomination,36,6.2,"35,466",tt0435670
422,Ratatouille,2007,G,29 Jun 2007,111,Won 1 Oscar. 67 wins & 42 nominations total,96,8.1,"694,110",tt0382932
423,Underdog,2007,PG,03 Aug 2007,84,3 nominations,37,4.8,"21,421",tt0467110
424,The Game Plan,2007,PG,28 Sep 2007,110,3 nominations,44,6.2,"63,659",tt0492956
425,Dan in Real Life,2007,PG-13,26 Oct 2007,98,4 nominations,65,6.8,"101,800",tt0480242
426,Enchanted,2007,PG,21 Nov 2007,107,Nominated for 3 Oscars. 12 wins & 51 nominations total,75,7.1,"193,620",tt0461770
427,Step Up 2: The Streets,2008,PG-13,14 Feb 2008,98,2 wins & 3 nominations,50,6.2,"86,580",tt1023481
428,College Road Trip,2008,G,07 Mar 2008,83,1 nomination,36,4.3,"15,991",tt0997047
429,The Chronicles of Narnia: Prince Caspian,2008,PG,16 May 2008,150,4 wins & 21 nominations,62,6.5,"206,153",tt0499448
430,WALL·E,2008,G,27 Jun 2008,98,Won 1 Oscar. 94 wins & 95 nominations total,95,8.4,"1,070,747",tt0910970
431,Swing Vote,2008,PG-13,01 Aug 2008,120,1 nomination,47,6.1,"18,543",tt1027862
432,Miracle at St. Anna,2008,R,26 Sep 2008,160,1 win & 10 nominations,37,6.1,"18,525",tt1046997
433,Beverly Hills Chihuahua,2008,PG,03 Oct 2008,91,3 wins & 6 nominations,41,3.8,"24,030",tt1014775
434,Morning Light,2008,PG,12 Mar 2009,97,,51,5.8,389,tt1198405
435,High School Musical 3: Senior Year,2008,G,24 Oct 2008,112,8 wins & 9 nominations,57,4.9,"61,618",tt0962726
436,Bolt,2008,PG,21 Nov 2008,96,Nominated for 1 Oscar. 1 win & 32 nominations total,67,6.8,"203,679",tt0397892
437,Bedtime Stories,2008,PG,25 Dec 2008,99,3 wins & 5 nominations,33,6.0,"93,537",tt0960731
438,Confessions of a Shopaholic,2009,PG,13 Feb 2009,104,1 win & 3 nominations,38,5.9,"77,344",tt1093908
439,Race to Witch Mountain,2009,PG,13 Mar 2009,98,1 nomination,52,5.7,"58,879",tt1075417
440,Hannah Montana: The Movie,2009,G,10 Apr 2009,102,6 wins & 10 nominations,47,4.6,"41,849",tt1114677
441,Earth,2009,,05 Sep 2009,40,,-1,6.9,10,tt1757737
442,Up,2009,PG,29 May 2009,96,Won 2 Oscars. 79 wins & 87 nominations total,88,8.2,"1,005,054",tt1049413
443,The Proposal,2009,PG-13,19 Jun 2009,108,7 wins & 20 nominations,48,6.7,"318,229",tt1041829
444,G-Force,2009,PG,24 Jul 2009,88,1 win & 1 nomination,41,5.1,"45,666",tt0436339
445,X Games 3D: The Movie,2009,PG,21 Aug 2009,92,,43,6.5,316,tt1440770
446,Surrogates,2009,PG-13,25 Sep 2009,89,,45,6.3,"173,587",tt0986263
447,The Princess and the Frog,2009,G,11 Dec 2009,97,Nominated for 3 Oscars. 10 wins & 42 nominations total,73,7.1,"137,228",tt0780521
448,Old Dogs,2009,PG,25 Nov 2009,88,5 nominations,19,5.3,"37,691",tt0976238
449,When in Rome,2010,PG-13,29 Jan 2010,91,3 nominations,25,5.6,"61,844",tt1185416
450,Alice in Wonderland,2010,PG,05 Mar 2010,108,Won 2 Oscars. 35 wins & 63 nominations total,53,6.4,"403,595",tt1014759
451,The Last Song,2010,PG,31 Mar 2010,107,4 wins & 10 nominations,33,6.0,"86,415",tt1294226
452,Change for the Oceans,2010,,,2,,-1,7.0,5,tt1723746
453,Toy Story 3,2010,G,18 Jun 2010,103,Won 2 Oscars. 61 wins & 96 nominations total,92,8.3,"808,201",tt0435761
454,The Sorcerer's Apprentice,2010,PG,14 Jul 2010,109,1 win & 2 nominations,46,6.1,"159,560",tt0963966
455,You Again,2010,PG,24 Sep 2010,105,2 wins,28,5.8,"51,344",tt1414382
456,Secretariat,2010,PG,08 Oct 2010,123,3 wins & 6 nominations,61,7.2,"28,112",tt1028576
457,Tangled,2010,PG,24 Nov 2010,100,Nominated for 1 Oscar. 10 wins & 41 nominations total,71,7.7,"434,708",tt0398286
458,TRON: Legacy,2010,PG,17 Dec 2010,125,Nominated for 1 Oscar. 10 wins & 51 nominations total,49,6.8,"328,383",tt1104001
459,I Am Number Four,2011,PG-13,18 Feb 2011,111,1 win & 1 nomination,36,6.1,"235,464",tt1464540
460,African Cats,2011,G,22 Apr 2011,89,3 nominations,61,7.5,"6,446",tt1223236
461,Zokkomon,2011,PG,22 Apr 2011,109,,-1,4.1,400,tt1605790
462,Prom,2011,PG,29 Apr 2011,104,1 nomination,50,5.4,"15,219",tt1604171
463,Pirates of the Caribbean: On Stranger Tides,2011,PG-13,20 May 2011,136,3 wins & 31 nominations,45,6.6,"509,973",tt1298650
464,Cars 2,2011,G,24 Jun 2011,106,1 win & 19 nominations,57,6.2,"179,255",tt1216475
465,Winnie the Pooh,2011,G,15 Jul 2011,63,2 wins & 25 nominations,74,7.2,"24,286",tt1449283
466,The Help,2011,PG-13,10 Aug 2011,146,Won 1 Oscar. 79 wins & 121 nominations total,62,8.0,"445,360",tt1454029
467,Fright Night,2011,R,19 Aug 2011,106,2 wins & 8 nominations,64,6.4,"104,221",tt1438176
468,Real Steel,2011,PG-13,07 Oct 2011,127,Nominated for 1 Oscar. 2 wins & 6 nominations total,56,7.1,"319,398",tt0433035
469,The Muppets,2011,PG,23 Nov 2011,103,Won 1 Oscar. 17 wins & 43 nominations total,75,7.1,"91,187",tt1204342
470,War Horse,2011,PG-13,25 Dec 2011,146,Nominated for 6 Oscars. 15 wins & 77 nominations total,72,7.2,"154,481",tt1568911
471,John Carter,2012,PG-13,09 Mar 2012,132,2 wins & 8 nominations,51,6.6,"266,927",tt0401729
472,Chimpanzee,2012,G,20 Apr 2012,78,2 nominations,57,7.2,"6,125",tt1222815
473,The Avengers,2012,PG-13,04 May 2012,143,Nominated for 1 Oscar. 38 wins & 80 nominations total,69,8.1,"1,345,654",tt0848228
474,Brave,2012,PG,22 Jun 2012,93,Won 1 Oscar. 20 wins & 48 nominations total,69,7.1,"398,727",tt1217209
475,People Like Us,2012,PG-13,29 Jun 2012,114,,49,7.0,"42,811",tt1716777
476,The Odd Life of Timothy Green,2012,PG,15 Aug 2012,105,1 win & 8 nominations,47,6.6,"46,536",tt1462769
477,Frankenweenie,2012,PG,05 Oct 2012,87,Nominated for 1 Oscar. 11 wins & 50 nominations total,74,6.9,"104,707",tt1142977
478,Wreck-It Ralph,2012,PG,02 Nov 2012,101,Nominated for 1 Oscar. 33 wins & 42 nominations total,72,7.7,"406,874",tt1772341
479,Lincoln,2012,PG-13,16 Nov 2012,150,Won 2 Oscars. 107 wins & 252 nominations total,86,7.3,"256,757",tt0443272
480,Oz the Great and Powerful,2013,PG,08 Mar 2013,130,6 wins & 31 nominations,44,6.3,"205,616",tt1623205
481,Iron Man 3,2013,PG-13,03 May 2013,130,Nominated for 1 Oscar. 20 wins & 63 nominations total,62,7.2,"819,088",tt1300854
482,Monsters University,2013,G,21 Jun 2013,104,Nominated for 2 BAFTA Film 9 wins & 58 nominations total,65,7.2,"346,199",tt1453405
483,The Lone Ranger,2013,PG-13,03 Jul 2013,150,Nominated for 2 Oscars. 5 wins & 20 nominations total,37,6.4,"230,396",tt1210819
484,The Fifth Estate,2013,R,18 Oct 2013,128,2 wins & 3 nominations,49,6.2,"40,667",tt1837703
485,Thor: The Dark World,2013,PG-13,08 Nov 2013,112,4 wins & 21 nominations,54,6.8,"649,810",tt1981115
486,Frozen,2013,PG,27 Nov 2013,102,Won 2 Oscars. 82 wins & 60 nominations total,75,7.5,"607,860",tt2294629
487,Delivery Man,2013,PG-13,22 Nov 2013,105,,44,6.3,"78,141",tt2387559
488,Saving Mr. Banks,2013,PG-13,20 Dec 2013,125,Nominated for 1 Oscar. 13 wins & 74 nominations total,65,7.5,"159,439",tt2140373
489,Need for Speed,2014,PG-13,14 Mar 2014,132,1 win & 5 nominations,39,6.4,"168,435",tt2369135
490,Muppets Most Wanted,2014,PG,21 Mar 2014,107,Nominated for 1 BAFTA Film Award3 wins & 11 nominations total,61,6.4,"33,904",tt2281587
491,Captain America: The Winter Soldier,2014,PG-13,04 Apr 2014,136,Nominated for 1 Oscar. 5 wins & 52 nominations total,70,7.7,"804,411",tt1843866
492,Bears,2014,G,18 Apr 2014,78,2 nominations,68,7.3,"6,748",tt2458776
493,Million Dollar Arm,2014,PG,16 May 2014,124,1 win & 2 nominations,56,7.0,"45,505",tt1647668
494,Maleficent,2014,PG,30 May 2014,97,Nominated for 1 Oscar. 12 wins & 43 nominations total,56,7.0,"366,653",tt1587310
495,Guardians of the Galaxy,2014,PG-13,01 Aug 2014,121,Nominated for 2 Oscars. 52 wins & 102 nominations total,76,8.1,"1,131,146",tt2015381
496,The Hundred-Foot Journey,2014,PG,08 Aug 2014,122,2 wins & 4 nominations,55,7.3,"81,224",tt2980648
497,"Alexander and the Terrible, Horrible, No Good, Very Bad Day",2014,PG,10 Oct 2014,81,1 win & 8 nominations,54,6.2,"43,495",tt1698641
498,Big Hero 6,2014,PG,07 Nov 2014,102,Won 1 Oscar. 17 wins & 58 nominations total,74,7.8,"444,512",tt2245084
499,Into the Woods,2014,PG,25 Dec 2014,125,Nominated for 3 Oscars. 10 wins & 74 nominations total,69,5.9,"138,767",tt2180411
500,Strange Magic,2015,PG,23 Jan 2015,99,1 win & 4 nominations,25,5.8,"10,988",tt4191054
501,"McFarland, USA",2015,PG,20 Feb 2015,129,4 wins & 3 nominations,60,7.4,"38,100",tt2097298
502,Monkey Kingdom,2015,G,17 Apr 2015,81,2 wins & 1 nomination,72,7.3,"3,957",tt3660770
503,Avengers: Age of Ultron,2015,PG-13,01 May 2015,141,8 wins & 51 nominations,66,7.3,"823,277",tt2395427
504,Tomorrowland,2015,PG,22 May 2015,130,2 wins & 19 nominations,60,6.4,"179,774",tt1964418
505,Inside Out,2015,PG,19 Jun 2015,95,Won 1 Oscar. 100 wins & 116 nominations total,94,8.1,"677,013",tt2096673
506,Ant-Man,2015,PG-13,17 Jul 2015,117,Nominated for 1 BAFTA Film Award4 wins & 34 nominations total,64,7.3,"635,594",tt0478970
507,Bridge of Spies,2015,PG-13,16 Oct 2015,142,Won 1 Oscar. 30 wins & 103 nominations total,81,7.6,"304,289",tt3682448
508,The Good Dinosaur,2015,PG,25 Nov 2015,93,9 wins & 41 nominations,66,6.7,"111,167",tt1979388
509,The Finest Hours,2016,PG-13,29 Jan 2016,117,2 wins,58,6.8,"65,428",tt2025690
510,Zootopia,2016,PG,04 Mar 2016,108,Won 1 Oscar. 47 wins & 72 nominations total,78,8.0,"477,250",tt2948356
511,A Beautiful Planet,2016,G,29 Apr 2016,46,1 win & 1 nomination,75,7.3,"1,367",tt2800050
512,Captain America: Civil War,2016,PG-13,06 May 2016,147,16 wins & 73 nominations,75,7.8,"745,441",tt3498820
513,Alice Through the Looking Glass,2016,PG,27 May 2016,113,4 wins & 20 nominations,34,6.2,"103,895",tt2567026
514,Finding Dory,2016,PG,17 Jun 2016,97,Nominated for 1 BAFTA Film Award17 wins & 46 nominations total,77,7.3,"263,464",tt2277860
515,The BFG,2016,PG,01 Jul 2016,117,Nominated for 1 BAFTA Film Award4 wins & 26 nominations total,66,6.4,"83,868",tt3691740
516,Pete's Dragon,2016,PG,12 Aug 2016,102,3 wins & 7 nominations,71,6.7,"57,521",tt2788732
517,The Light Between Oceans,2016,PG-13,02 Sep 2016,133,1 win & 16 nominations,60,7.2,"55,855",tt2547584
518,Queen of Katwe,2016,PG,30 Sep 2016,124,3 wins & 26 nominations,73,7.4,"17,080",tt4341582
519,Doctor Strange,2016,PG-13,04 Nov 2016,115,Nominated for 1 Oscar. 20 wins & 68 nominations total,72,7.5,"685,849",tt1211837
520,Moana,2016,PG,23 Nov 2016,107,Nominated for 2 Oscars. 21 wins & 90 nominations total,81,7.6,"315,408",tt3521164
521,Rogue One: A Star Wars Story,2016,PG-13,16 Dec 2016,133,Nominated for 2 Oscars. 24 wins & 85 nominations total,65,7.8,"597,163",tt3748528
