imdb_id,language,country,country_id
tt0115433,"English, Spanish","United States, United Kingdom",cs00
tt0211181,English,"United States, United Kingdom",cs01
tt0103594,"English, Spanish, Latin, Arabic","United Kingdom, France, Spain",cs02
tt0046672,English,United States,cs03
tt0307901,English,United States,cs04
tt0094137,English,United States,cs05
tt0098966,English,United States,cs06
tt0103596,English,United States,cs07
tt0109015,English,"United States, Japan",cs08
tt2800050,English,United States,cs09
tt0120623,English,United States,cs010
tt0120633,English,United States,cs011
tt0106868,English,"United States, United Kingdom",cs012
tt0113198,English,"United States, Australia, France, Canada",cs013
tt0104376,English,"United States, Japan",cs014
tt0113538,English,"United States, Hungary, United Kingdom",cs015
tt0391304,"English, American Sign ",United States,cs016
tt0110399,English,United States,cs017
tt0114210,English,United States,cs018
tt0111194,English,United States,cs019
tt0105483,"English, Yiddish, Hebrew",United States,cs020
tt0120323,English,United States,cs021
tt1620680,English,United States,cs022
tt0092513,English,United States,cs023
tt1223236,English,United States,cs024
tt0118570,English,"United States, Canada",cs025
tt0103639,English,United States,cs026
tt1698641,English,United States,cs027
tt2567026,English,United States,cs028
tt1014759,English,United States,cs029
tt0417415,English,United States,cs030
tt0106246,English,"United States, Canada",cs031
tt0082017,"English, American Sign ",United States,cs032
tt0118604,"English, French, German","United Kingdom, Netherlands, Luxembourg, United States, France, Germany",cs033
tt0097579,English,United States,cs034
tt0109127,English,United States,cs035
tt0109129,English,United States,cs036
tt0417433,English,United States,cs037
tt0106292,English,United States,cs038
tt0478970,English,United States,cs039
tt5095030,"English, Spanish, French","United States, Canada",cs040
tt0472043,Maya,United States,cs041
tt0099052,"English, Spanish",United States,cs042
tt0120591,"English, Russian, Indonesian",United States,cs043
tt0327437,"English, Cantonese, French, German, Hindi, Turkish","United States, Germany, Ireland, United Kingdom",cs044
tt0106315,English,United States,cs045
tt0230011,"English, French, Spanish",United States,cs046
tt2395427,"English, Korean",United States,cs047
tt4154796,"English, Japanese, Xhosa, German",United States,cs048
tt4154756,English,United States,cs049
tt0054649,English,United States,cs050
tt0088760,"English, French",United States,cs051
tt0112443,English,United States,cs052
tt0094715,English,United States,cs053
tt2458776,English,United States,cs054
tt0101414,"English, French",United States,cs055
tt0407569,English,USA,cs056
tt0066817,"English, German",United States,cs057
tt0960731,English,United States,cs058
tt0115645,English,United States,cs059
tt0120603,"Haitian, English",United States,cs060
tt0092638,English,United States,cs061
tt0099128,English,United States,cs062
tt1014775,English,"United States, Mexico",cs063
tt0182789,English,"United States, Germany",cs064
tt0094739,"English, Italian",United States,cs065
tt2245084,English,United States,cs066
tt0246464,English,United States,cs067
tt0101453,English,United States,cs068
tt1825683,"English, Swahili, Nama, Xhosa, Korean",United States,cs069
tt3480822,"English, Russian, Norwegian, Hungarian, Macedonian, Finnish",United States,cs070
tt0062737,English,United States,cs071
tt0103827,English,"United Kingdom, United States",cs072
tt0109287,English,United States,cs073
tt0096943,English,United States,cs074
tt0397892,English,United States,cs075
tt0055807,English,United States,cs076
tt0106466,English,United States,cs077
tt11155970,English,USA,cs078
tt0115742,"English, Spanish",United States,cs079
tt1217209,English,"United States, United Kingdom",cs080
tt0120618,English,United States,cs081
tt3682448,"English, German, Russian","United States, Germany, India",cs082
tt0398808,English,United States,cs083
tt0305669,English,United States,cs084
tt0328880,"English, Inuktitut, Croatian, Serbian",United States,cs085
tt0258470,English,United States,cs086
tt0109361,English,United States,cs087
tt0337909,English,"United Kingdom, United States",cs088
tt0109369,English,United States,cs089
tt0092718,English,United States,cs090
tt3498820,"English, German, Xhosa, Russian, Romanian, Hindi",United States,cs091
tt1843866,"English, French",United States,cs092
tt4154664,English,"United States, Australia",cs093
tt0103924,English,United States,cs094
tt0317219,"English, Italian, Japanese, Yiddish",United States,cs095
tt1216475,"English, Japanese, Italian, French",United States,cs096
tt3606752,English,United States,cs097
tt0402894,English,United States,cs098
tt0115851,English,United States,cs099
tt0097053,English,United States,cs0100
tt0371606,English,United States,cs0101
tt1222815,English,"United Kingdom, United States",cs0102
tt4575576,English,"United Kingdom, United States",cs0103
tt0042332,English,United States,cs0104
tt0094889,"English, Spanish Sign ","United States, Canada",cs0105
tt2380307,"English, Spanish",United States,cs0106
tt0331468,English,"United States, United Kingdom, Canada",cs0107
tt0997047,English,United States,cs0108
tt0109456,English,United States,cs0109
tt0118880,"English, Spanish",United States,cs0110
tt0082199,English,United Kingdom,cs0111
tt1093908,"English, Finnish, Spanish, French",United States,cs0112
tt0361467,English,"Germany, United States",cs0113
tt0104006,English,United States,cs0114
tt0106611,"English, German, Russian",United States,cs0115
tt0250310,"English, Vietnamese, Spanish, Thai",United States,cs0116
tt0087091,English,United States,cs0117
tt0200550,English,United States,cs0118
tt0150216,"English, Italian",United States,cs0119
tt0112740,English,United States,cs0120
tt3228774,"English, French",United States,cs0121
tt0094933,English,United States,cs0122
tt0109520,"English, Icelandic",United States,cs0123
tt0116000,English,United States,cs0124
tt0480242,English,United States,cs0125
tt0112792,English,United States,cs0126
tt0382628,English,United States,cs0127
tt0097165,"English, Latin",United States,cs0128
tt0112819,English,United States,cs0129
tt0101694,English,United States,cs0130
tt0118956,"English, Korean","United States, Canada",cs0131
tt2387559,English,"United States, India, Canada",cs0132
tt0205000,English,United States,cs0133
tt0099422,English,United States,cs0134
tt0130623,English,United States,cs0135
tt1691917,"English, Spanish, French, German, Mandarin, Icelandic",United States,cs0136
tt1067106,English,United States,cs0137
tt0097211,English,United States,cs0138
tt1211837,English,United States,cs0139
tt0238948,"English, Spanish",United States,cs0140
tt0187819,English,United States,cs0141
tt0090966,English,United States,cs0142
tt0099472,English,"France, United States",cs0143
tt0134630,English,United States,cs0144
tt3861390,"English, French","United States, United Kingdom, Australia, Canada",cs0145
tt5649074,Portuguese,Portugal,cs0146
tt0297445,English,United States,cs0147
tt1757737,English,Singapore,cs0148
tt0109707,English,United States,cs0149
tt0116168,"English, Russian",United States,cs0150
tt0397313,English,United States,cs0151
tt2953050,"English, Spanish",United States,cs0152
tt0461770,English,United States,cs0153
tt0104187,English,United States,cs0154
tt0120660,English,United States,cs0155
tt0092974,English,United States,cs0156
tt0099512,English,United States,cs0157
tt0095107,English,United States,cs0158
tt0101821,English,United States,cs0159
tt9032400,"English, American Sign , Marathi, Spanish, Sumerian, Latin, Greek, Ancient (to 1453)",United States,cs0160
tt0116250,English,United States,cs0161
tt0032455,English,United States,cs0162
tt0106877,English,United States,cs0163
tt0101862,English,United States,cs0164
tt0113041,English,United States,cs0165
tt0113044,English,"United States, United Kingdom",cs0166
tt2277860,"English, Indonesian",United States,cs0167
tt0266543,English,"United States, Australia",cs0168
tt0099575,English,United States,cs0169
tt0116311,English,United States,cs0170
tt0091059,English,United States,cs0171
tt0408790,"English, French, German, Arabic, Italian, Japanese",United States,cs0172
tt0119137,English,United States,cs0173
tt0281865,English,United States,cs0174
tt1142977,English,United States,cs0175
tt0322330,"English, Mandarin",United States,cs0176
tt1438176,English,United States,cs0177
tt2294629,"English, Norwegian",United States,cs0178
tt4520988,English,United States,cs0179
tt0113133,English,"United Kingdom, United States",cs0180
tt0436339,"English, Spanish",United States,cs0181
tt0119173,English,"United States, United Kingdom",cs0182
tt0119190,"English, Spanish",United States,cs0183
tt0297144,English,"United States, France",cs0184
tt0385726,English,United States,cs0185
tt0866613,"English, Norwegian","United Kingdom, Norway",cs0186
tt0119214,English,United States,cs0187
tt0187078,English,United States,cs0188
tt0093105,English,United States,cs0189
tt0099699,"English, French, Spanish","France, Australia, United States",cs0190
tt0097458,English,United States,cs0191
tt0119229,English,United States,cs0192
tt2015381,English,United States,cs0193
tt3896198,English,United States,cs0194
tt0107057,English,United States,cs0195
tt0171356,English,United States,cs0196
tt1114677,English,United States,cs0197
tt1127884,English,United States,cs0198
tt0124718,English,United States,cs0199
tt0095288,English,United States,cs0200
tt0110006,English,United States,cs0201
tt0093175,English,United States,cs0202
tt0076137,"English, French",United States,cs0203
tt0400497,English,United States,cs0204
tt0119282,"English, Spanish, Greek",United States,cs0205
tt0317648,"English, Arabic, Sioux","United States, Morocco",cs0206
tt0146882,"English, Danish","United Kingdom, United States",cs0207
tt0253126,English,"United Kingdom, United States",cs0208
tt0962726,English,United States,cs0209
tt0107120,"English, French",United States,cs0210
tt0311289,English,United States,cs0211
tt0120701,English,United States,cs0212
tt0110044,English,United States,cs0213
tt0299172,"English, Mandarin",United States,cs0214
tt0116552,English,United States,cs0215
tt0107131,English,United States,cs0216
tt0104437,English,United States,cs0217
tt0097523,English,United States,cs0218
tt0110066,English,United States,cs0219
tt0110093,English,United States,cs0220
tt1464540,"English, French","United States, India",cs0221
tt0155753,English,"United States, Canada",cs0222
tt0396652,English,"United States, Canada",cs0223
tt0110123,English,United States,cs0224
tt3606756,English,United States,cs0225
tt0107212,English,"Canada, United States",cs0226
tt0104511,English,United States,cs0227
tt2096673,"English, Portuguese",United States,cs0228
tt0141369,"English, Norwegian, French, Spanish",United States,cs0229
tt0128278,English,United States,cs0230
tt2180411,English,United States,cs0231
tt0445990,English,United States,cs0232
tt1300854,English,United States,cs0233
tt0110157,English,United States,cs0234
tt0110169,"English, Japanese",United States,cs0235
tt0116669,"English, Spanish",United States,cs0236
tt0116683,English,"United Kingdom, United States",cs0237
tt0113463,"English, French","United States, France",cs0238
tt0401729,English,United States,cs0239
tt1229827,English,United States,cs0240
tt0113492,English,"United States, Netherlands, United Kingdom",cs0241
tt0119432,English,"United States, France",cs0242
tt0870154,"English, German, Spanish, Italian, Tupi, French, Portuguese, Latin",United States,cs0243
tt0189192,"English, French","France, United States",cs0244
tt0116756,English,United States,cs0245
tt2013293,"Japanese, German, Italian, French, English","Japan, France, United States",cs0246
tt0171433,"English, Hebrew, Spanish",United States,cs0247
tt0349683,"English, Latin, Irish Gaelic, Welsh, Gaelic","United States, United Kingdom, Ireland",cs0248
tt0120725,English,United States,cs0249
tt0119485,"English, Tibetan, Mandarin","United States, Monaco, Morocco",cs0250
tt0349710,English,United States,cs0251
tt0048280,English,United States,cs0252
tt0116827,English,United States,cs0253
tt0107413,English,United States,cs0254
tt0275847,"English, Hawaiian",United States,cs0255
tt0443272,English,"United States, India",cs0256
tt0113729,English,United States,cs0257
tt1587310,English,United States,cs0258
tt4777008,English,"United States, United Kingdom, Canada",cs0259
tt0113755,English,United States,cs0260
tt5028340,English,"United States, United Kingdom",cs0261
tt0273799,English,United States,cs0262
tt2097298,"English, Spanish",United States,cs0263
tt0104839,English,United States,cs0264
tt0120645,English,United States,cs0265
tt0396555,English,United States,cs0266
tt0119664,English,United States,cs0267
tt0113808,English,United States,cs0268
tt0081159,English,United States,cs0269
tt0120751,"English, Swahili",United States,cs0270
tt1647668,"English, Hindi",United States,cs0271
tt0349825,English,"Canada, United States",cs0272
tt1046997,"English, German, Italian","United States, Italy",cs0273
tt0183523,English,"United States, Canada, France",cs0274
tt3521164,"English, French",United States,cs0275
tt0107594,English,United States,cs0276
tt3660770,English,United States,cs0277
tt1453405,English,United States,cs0278
tt0198781,English,United States,cs0279
tt0179098,"English, Hebrew",United States,cs0280
tt1198405,English,United States,cs0281
tt0120762,"English, Mandarin",United States,cs0282
tt0140397,English,United States,cs0283
tt0117110,English,United States,cs0284
tt2281587,"English, German",United States,cs0285
tt0107626,English,United States,cs0286
tt0120764,English,United States,cs0287
tt0089652,"English, Latin",United States,cs0288
tt0134618,English,"Canada, United States",cs0289
tt0368891,"English, Spanish",United States,cs0290
tt0465234,"English, French",United States,cs0291
tt2369135,English,"United States, India",cs0292
tt0086005,"English, Inuktitut",United States,cs0293
tt0097965,English,United States,cs0294
tt0104990,English,United States,cs0295
tt0082810,English,"United Kingdom, West Germany, United States",cs0296
tt0113987,"English, Mandarin, Russian",United States,cs0297
tt0105017,English,United States,cs0298
tt0119807,English,United States,cs0299
tt0190590,English,"United Kingdom, France, United States",cs0300
tt1723746,English,USA,cs0301
tt0091668,English,United States,cs0302
tt0976238,"English, Ukrainian",United States,cs0303
tt0095776,English,United States,cs0304
tt0102593,English,United States,cs0305
tt0089731,English,"Canada, United States",cs0306
tt7146812,English,United States,cs0307
tt0316356,English,United States,cs0308
tt0114048,"English, Vietnamese",United States,cs0309
tt0102603,"English, Italian",United States,cs0310
tt0253798,English,United States,cs0311
tt0093690,"English, Russian",United States,cs0312
tt1623205,English,United States,cs0313
tt0102631,English,United States,cs0314
tt0105103,English,United States,cs0315
tt0213149,"English, Japanese, French",United States,cs0316
tt8080302,English,United States,cs0317
tt1716777,"English, Spanish",United States,cs0318
tt0280030,English,"United States, Canada, Australia",cs0319
tt2788732,English,United States,cs0320
tt0117333,"Portuguese, Spanish, English",United States,cs0321
tt0323642,English,United States,cs0322
tt0032910,English,United States,cs0323
tt0449088,English,United States,cs0324
tt0383574,"English, Turkish, Greek, Mandarin, French",United States,cs0325
tt1790809,"English, Spanish","United States, Australia, United Kingdom, Canada",cs0326
tt1298650,"English, Spanish","United States, United Kingdom",cs0327
tt0325980,English,United States,cs0328
tt0196857,English,United States,cs0329
tt0119906,"English, Russian",United States,cs0330
tt0114148,"English, Algonquin",United States,cs0331
tt0407121,English,United States,cs0332
tt0114168,English,United States,cs0333
tt0119937,English,United States,cs0334
tt0100405,English,United States,cs0335
tt0808096,English,"United Kingdom, France, Germany, Ireland",cs0336
tt0473075,English,United States,cs0337
tt1604171,English,United States,cs0338
tt4341582,English,United States,cs0339
tt0110932,English,United States,cs0340
tt1075417,English,United States,cs0341
tt0350028,English,United States,cs0342
tt5848272,English,United States,cs0343
tt0117438,English,United States,cs0344
tt0382932,"English, French",United States,cs0345
tt5109280,English,United States,cs0346
tt0433035,"English, Ukrainian","United States, India",cs0347
tt0265632,English,"United States, Japan",cs0348
tt0253556,English,United States,cs0349
tt0210945,English,United States,cs0350
tt0110971,English,United States,cs0351
tt0089908,English,"United Kingdom, United States",cs0352
tt0095993,English,Australia,cs0353
tt0120029,English,United States,cs0354
tt3748528,English,United States,cs0355
tt0120032,English,United States,cs0356
tt0114296,English,"United States, Japan",cs0357
tt0436595,English,United States,cs0358
tt0086220,English,Canada,cs0359
tt0128445,"English, Spanish, Latin, French",United States,cs0360
tt0091877,English,United States,cs0361
tt0105316,"English, Zulu","South Africa, United Kingdom, France, United States",cs0362
tt0102849,English,United States,cs0363
tt1028576,English,United States,cs0364
tt0120107,English,United States,cs0365
tt9376612,"English, Mandarin",United States,cs0366
tt0300471,"English, Mandarin","United States, Hong Kong",cs0367
tt0184894,"English, Mandarin, Sioux, Spanish","United States, Hong Kong",cs0368
tt0096098,English,"United States, Canada",cs0369
tt0338427,"English, Japanese",United States,cs0370
tt0286106,"English, Portuguese",United States,cs0371
tt0124879,English,United States,cs0372
tt0105417,English,United States,cs0373
tt0108147,English,United States,cs0374
tt0120828,"English, German",United States,cs0375
tt0405325,"English, Cantonese",United States,cs0376
tt0053285,English,United States,cs0377
tt0281373,English,"Canada, United States",cs0378
tt0029583,English,United States,cs0379
tt3778644,English,United States,cs0380
tt0086336,English,United States,cs0381
tt0108186,English,United States,cs0382
tt0038969,English,United States,cs0383
tt0279781,"English, Indonesian",United States,cs0384
tt0100666,English,United States,cs0385
tt0088161,"English, Swedish",United States,cs0386
tt0117723,"English, French, Spanish",United States,cs0387
tt0111271,English,"United States, Canada",cs0388
tt0094025,English,United States,cs0389
tt7768640,English,USA,cs0390
tt2527336,English,United States,cs0391
tt11464830,English,United States,cs0392
tt0441796,English,United States,cs0393
tt0100691,English,United States,cs0394
tt0462590,English,United States,cs0395
tt1023481,"English, Russian",United States,cs0396
tt0430634,English,"Germany, United States",cs0397
tt0105481,English,United States,cs0398
tt4191054,English,United States,cs0399
tt0162677,"English, Italian",United States,cs0400
tt0108255,English,"United Kingdom, United States, Japan, France",cs0401
tt0986263,English,United States,cs0402
tt0256415,English,United States,cs0403
tt0108265,English,United States,cs0404
tt1027862,English,United States,cs0405
tt0103035,English,United States,cs0406
tt0111359,English,United States,cs0407
tt0398286,"English, German",United States,cs0408
tt0120855,English,United States,cs0409
tt0350194,English,United States,cs0410
tt0147800,"English, French",United States,cs0411
tt0111400,English,"United States, Canada, Japan",cs0412
tt0084783,English,United States,cs0413
tt0120317,English,United States,cs0414
tt0120657,"English, Latin, Swedish, Norse, Old, Danish, Arabic",United States,cs0415
tt0054594,English,United States,cs0416
tt0106223,"English, French",United States,cs0417
tt0109067,English,"United States, Japan",cs0418
tt0318974,"English, Spanish",United States,cs0419
tt0072653,English,United States,cs0420
tt0065421,English,United States,cs0421
tt0115580,English,United States,cs0422
tt0848228,"English, Russian, Hindi",United States,cs0423
tt3691740,"English, Hindi","United States, India, United Kingdom",cs0424
tt0112499,English,United States,cs0425
tt0088814,"English, Portuguese",United States,cs0426
tt0078869,English,United States,cs0427
tt0065482,English,United States,cs0428
tt0106536,English,United States,cs0429
tt0499448,English,"United States, Poland, Slovenia, Czech Republic, United Kingdom",cs0430
tt0363771,"English, German, Brazilian Sign ","United Kingdom, United States",cs0431
tt0090863,"English, Spanish",United States,cs0432
tt0245844,English,"United Kingdom, United States, Ireland, Switzerland",cs0433
tt0276033,English,United States,cs0434
tt0198386,"English, Spanish",United States,cs0435
tt0082263,English,United States,cs0436
tt0104114,English,United States,cs0437
tt0101746,English,United States,cs0438
tt0120917,English,United States,cs0439
tt1837703,"English, Icelandic, Swahili, Arabic","United States, India, Belgium",cs0440
tt2025690,English,United States,cs0441
tt0082406,English,United States,cs0442
tt0492956,English,United States,cs0443
tt1979388,English,United States,cs0444
tt0095238,English,United States,cs0445
tt0091149,"English, French, German, Italian",United States,cs0446
tt0388980,English,"United States, Canada",cs0447
tt0406816,English,United States,cs0448
tt0104389,English,"United States, United Kingdom",cs0449
tt0338094,English,United States,cs0450
tt1454029,English,United States,cs0451
tt0371724,English,"United Kingdom, United States",cs0452
tt1266072,English,USA,cs0453
tt0119314,English,United States,cs0454
tt0302640,English,United States,cs0455
tt0116583,"English, Latin",United States,cs0456
tt2980648,"English, Hindi, French","United States, India, United Arab Emirates",cs0457
tt0317705,"English, French",United States,cs0458
tt0110137,English,United States,cs0459
tt0140352,"English, Japanese, Arabic, Persian",United States,cs0460
tt0435670,English,"United States, Sweden, South Africa",cs0461
tt0110189,English,United States,cs0462
tt0089385,English,United States,cs0463
tt0107282,"English, Mandarin, Cantonese","United States, China",cs0464
tt0061852,English,United States,cs0465
tt0219854,English,United States,cs0466
tt0335245,"English, Vietnamese",United States,cs0467
tt0081031,"English, Japanese",United States,cs0468
tt0357054,English,United States,cs0469
tt1294226,English,United States,cs0470
tt0362270,"English, Icelandic, Filipino, Portuguese, French, Tagalog, German, Italian",United States,cs0471
tt2547584,English,"United Kingdom, New Zealand, United States, India, Australia",cs0472
tt0110357,"English, Swahili, Xhosa, Zulu",United States,cs0473
tt0097757,"English, French",United States,cs0474
tt0306841,"English, Italian",United States,cs0475
tt1210819,"English, North American Indian",United States,cs0476
tt0427470,English,United States,cs0477
tt0076363,English,United States,cs0478
tt0102411,English,United States,cs0479
tt0104868,English,United States,cs0480
tt0104940,English,"United States, United Kingdom",cs0481
tt1204342,English,United States,cs0482
tt0107688,English,United States,cs0483
tt5523010,"English, French","United States, Canada",cs0484
tt1462769,English,United States,cs0485
tt0123209,English,United States,cs0486
tt0395699,"English, Korean",United States,cs0487
tt0120783,"English, French","United States, United Kingdom",cs0488
tt0117372,English,United States,cs0489
tt0482571,English,"United States, United Kingdom",cs0490
tt0247638,"English, Dutch, Italian","United States, United Kingdom",cs0491
tt0368933,"English, Greek, French, Spanish",United States,cs0492
tt0780521,"English, French",United States,cs0493
tt0107889,"English, German",United States,cs0494
tt1041829,English,United States,cs0495
tt0111003,English,United States,cs0496
tt0292506,"English, Persian, Russian","United States, Switzerland",cs0497
tt0110955,English,United States,cs0498
tt0095981,English,United States,cs0499
tt0076618,"English, French, German, Russian",United States,cs0500
tt0100477,English,United States,cs0501
tt0117473,English,United States,cs0502
tt0117500,English,United States,cs0503
tt0102803,"English, German",United States,cs0504
tt0265662,English,United States,cs0505
tt0265666,"English, Italian",United States,cs0506
tt0111070,"English, Spanish",United States,cs0507
tt0304669,English,United States,cs0508
tt0452681,English,United States,cs0509
tt0114345,English,United States,cs0510
tt0393735,English,United States,cs0511
tt0120142,English,United States,cs0512
tt0167404,"English, Latin, Spanish",United States,cs0513
tt0963966,"English, Cantonese, Ukrainian, Hindi",United States,cs0514
tt0166896,English,"France, United Kingdom, United States",cs0515
tt0057546,English,United States,cs0516
tt0108333,English,"Austria, United Kingdom, United States",cs0517
tt0114666,English,United States,cs0518
tt0220099,English,"United States, Japan",cs0519
tt0368447,English,United States,cs0520
tt0118117,English,United States,cs0521
tt0120484,English,United States,cs0522
tt0405469,English,"Canada, United States",cs0523
tt3501632,English,"United States, Australia",cs0524
tt1981115,English,United States,cs0525
tt0098471,English,United States,cs0526
tt0094155,English,United States,cs0527
tt0112302,English,United States,cs0528
tt0108358,"English, Latin, Spanish",United States,cs0529
tt1964418,"English, French, Japanese","United States, Spain, France, Canada, United Kingdom",cs0530
tt0092105,English,United States,cs0531
tt0114709,English,United States,cs0532
tt0120363,"English, Arabic, Spanish",United States,cs0533
tt0435761,"English, Spanish",United States,cs0534
tt1979376,English,United States,cs0535
tt0133240,English,United States,cs0536
tt0086476,"English, Italian, Latin, German, French",United States,cs0537
tt0084827,English,United States,cs0538
tt1104001,English,United States,cs0539
tt0283084,"English, French",United States,cs0540
tt0098536,English,United States,cs0541
tt0217869,English,United States,cs0542
tt0328589,"English, Italian, Polish, French, Spanish, German","United States, Italy",cs0543
tt0467110,English,United States,cs0544
tt0114798,English,United States,cs0545
tt1049413,English,United States,cs0546
tt0118055,"Spanish, English",United States,cs0547
tt0361089,English,"United Kingdom, United States",cs0548
tt0312549,English,"Ireland, United Kingdom, United States",cs0549
tt1568911,"English, German","United States, India",cs0550
tt0120481,"English, French",United States,cs0551
tt0103241,English,United States,cs0552
tt0108551,English,United States,cs0553
tt0111693,"English, Vietnamese",United States,cs0554
tt1185416,"English, Italian, Ukrainian",United States,cs0555
tt0100924,English,United States,cs0556
tt0114924,English,United States,cs0557
tt0103247,English,United States,cs0558
tt0111701,English,United States,cs0559
tt0118158,"English, Danish, Spanish","United States, United Kingdom",cs0560
tt0096438,English,United States,cs0561
tt0103262,English,United States,cs0562
tt0486946,English,United States,cs0563
tt1449283,English,United States,cs0564
tt1772341,English,United States,cs0565
tt1440770,English,United States,cs0566
tt1414382,"English, French, German, Spanish, Hawaiian, Japanese, Italian, Hebrew",United States,cs0567
tt0318850,English,United States,cs0568
tt1605790,"Hindi, English",India,cs0569
tt2948356,English,United States,cs0570
tt0250224,"English, Spanish",United States,cs0571
tt0381006,English,United States,cs0572
tt0106469,"English, Spanish, Arabic",United States,cs0573
tt0377981,"English, Japanese, Spanish, German","United Kingdom, United States, Canada",cs0574
tt0120741,"English, Italian",United States,cs0575
tt2980706,English,United States,cs0576
tt2488496,English,United States,cs0577
tt2527338,English,United States,cs0578
tt0910970,"English, Hindi",United States,cs0579
tt0118577,English,United States,cs0580
tt0264578,English,"United States, United Kingdom, Germany, Sweden",cs0581
tt0120910,English,United States,cs0582
tt0876563,"English, Japanese",Japan,cs0583
tt0495596,"Japanese, English",Japan,cs0584
tt0473360,"English, Spanish","United Kingdom, Spain, Germany",cs0585
tt0380389,"English, Spanish","United States, United Kingdom",cs0586
tt0099816,"Norwegian, English","Norway, Sweden, United States",cs0587
tt0347149,Japanese,Japan,cs0588
tt4846340,English,United States,cs0589
tt0339412,English,United States,cs0590
tt0100201,English,United States,cs0591
tt0113862,"English, American Sign ",United States,cs0592
tt0119718,English,United States,cs0593
tt0117102,English,United States,cs0594
tt0765128,French,"France, Switzerland, Spain, United States, United Arab Emirates, Monaco",cs0595
tt0105226,English,United States,cs0596
tt2140373,English,"United States, United Kingdom, Australia",cs0597
tt0245429,"Japanese, English",Japan,cs0598
tt0080684,English,United States,cs0599
tt0118001,English,"Spain, United States",cs0600
tt0111543,"French, Russian",France,cs0601
tt1159961,English,United States,cs0602
tt1223150,English,United States,cs0603
tt0120659,English,"United States, United Kingdom, Germany",cs0604
tt0119125,"English, French","United Kingdom, United States",cs0605
tt1305591,English,United States,cs0606
tt0283426,English,"United States, Australia",cs0607
tt1568921,Japanese,Japan,cs0608
